id,rank_id,name
2,1,Bacteria
2759,1,Eukaryota
1239,2,Firmicutes
201174,2,Actinobacteria
976,2,Bacteroidetes
1224,2,Proteobacteria
35493,2,Streptophyta
256845,2,Lentisphaerae
186801,3,Clostridia
91061,3,Bacilli
1760,3,Actinobacteria
84998,3,Coriobacteriia
526524,3,Erysipelotrichia
200643,3,Bacteroidia
909932,3,Negativicutes
28221,3,Deltaproteobacteria
3398,3,Magnoliopsida
1236,3,Gammaproteobacteria
28216,3,Betaproteobacteria
1313211,3,Lentisphaeria
1737404,3,Tissierellia
117743,3,Flavobacteriia
186802,4,Clostridiales
186826,4,Lactobacillales
85004,4,Bifidobacteriales
84999,4,Coriobacteriales
526525,4,Erysipelotrichales
171549,4,Bacteroidales
1843489,4,Veillonellales
1643822,4,Eggerthellales
213115,4,Desulfovibrionales
72025,4,Fabales
2037,4,Actinomycetales
909929,4,Selenomonadales
91347,4,Enterobacterales
1843488,4,Acidaminococcales
135625,4,Pasteurellales
80840,4,Burkholderiales
1385,4,Bacillales
278082,4,Victivallales
85007,4,Corynebacteriales
135624,4,Aeromonadales
1737405,4,Tissierellales
200644,4,Flavobacteriales
186803,5,Lachnospiraceae
1300,5,Streptococcaceae
31953,5,Bifidobacteriaceae
84107,5,Coriobacteriaceae
33958,5,Lactobacillaceae
186804,5,Peptostreptococcaceae
541000,5,Ruminococcaceae
128827,5,Erysipelotrichaceae
81850,5,Leuconostocaceae
171550,5,Rikenellaceae
171552,5,Prevotellaceae
31977,5,Veillonellaceae
815,5,Bacteroidaceae
216572,5,Oscillospiraceae
1643826,5,Eggerthellaceae
990719,5,Christensenellaceae
194924,5,Desulfovibrionaceae
81852,5,Enterococcaceae
31979,5,Clostridiaceae
2005525,5,Tannerellaceae
3803,5,Fabaceae
2049,5,Actinomycetaceae
1843491,5,Selenomonadaceae
543,5,Enterobacteriaceae
186828,5,Carnobacteriaceae
909930,5,Acidaminococcaceae
1643824,5,Atopobiaceae
543314,5,Clostridiales Family XIII. Incertae Sedis
712,5,Pasteurellaceae
1853231,5,Odoribacteraceae
995019,5,Sutterellaceae
2005519,5,Barnesiellaceae
90964,5,Staphylococcaceae
1185407,5,Defluviitaleaceae
186807,5,Peptococcaceae
1653,5,Corynebacteriaceae
83763,5,Succinivibrionaceae
1570339,5,Peptoniphilaceae
49546,5,Flavobacteriaceae
572511,6,Blautia
1301,6,Streptococcus
189330,6,Dorea
1678,6,Bifidobacterium
102106,6,Collinsella
1766253,6,Agathobacter
1407607,6,Fusicatenibacter
1578,6,Lactobacillus
1501226,6,Romboutsia
216851,6,Faecalibacterium
135858,6,Catenibacterium
46255,6,Weissella
33042,6,Coprococcus
292632,6,Subdoligranulum
1573535,6,Holdemanella
28050,6,Lachnospira
1253,6,Pediococcus
123375,6,Solobacterium
1505657,6,Intestinibacter
838,6,Prevotella
39948,6,Dialister
1263,6,Ruminococcus
207244,6,Anaerostipes
816,6,Bacteroides
906,6,Megasphaera
2039302,6,Monoglobus
248744,6,Marvinbryantia
841,6,Roseburia
239759,6,Alistipes
35832,6,Bilophila
1506553,6,Lachnoclostridium
1350,6,Enterococcus
580596,6,Butyricicoccus
1357,6,Lactococcus
1473205,6,Senegalimassilia
375288,6,Parabacteroides
508215,6,Rothia
84108,6,Slackia
1738645,6,Caproiciproducens
1654,6,Actinomyces
52225,6,Mitsuokella
84111,6,Eggerthella
580024,6,Enterorhabdus
117563,6,Granulicatella
904,6,Acidaminococcus
133925,6,Olsenella
86331,6,Mogibacterium
724,6,Haemophilus
283168,6,Odoribacter
437755,6,Moryella
40544,6,Sutterella
574697,6,Butyricimonas
1378,6,Gemella
1243,6,Leuconostoc
397864,6,Barnesiella
970,6,Selenomonas
1505652,6,Terrisporobacter
1935188,6,Libanicoccus
570,6,Klebsiella
1283313,6,Alloprevotella
1980681,6,Colidextribacter
1279,6,Staphylococcus
1380,6,Atopobium
547,6,Enterobacter
644652,6,Gordonibacter
1929305,6,Pygmaiobacter
1716,6,Corynebacterium
83770,6,Succinivibrio
265975,6,Oribacterium
150022,6,Finegoldia
1573534,6,Faecalitalea
256318,7,metagenome
32644,7,unidentified
